﻿<?xml version="1.0" encoding="utf-8"?>
<DownloadTask>
  <ProjectInfo
    DeviceVersion="16.0.0.0"
    CreationTime="2022-06-01 13:01:11 (UTC)"
    Runtime="COLORADO"
    RtProjectName="TIA_OPC_JED.WinCC-ADV[SIMATIC PC station - WinCC RT Advanced]"
    RtProjectFolderName="TIA_OPC_JED.WinCC-ADV[SIMATIC PC station - WinCC RT Advanced]"
    DeviceType="PC-OP"
    DisplayOrientation="0"
    RTReleaseNo="16.0.0.0"
    ImageReleaseNo="16.0.0.0"
    RTCV="16.0.0.0"
    PRCV="16.0.0.0"
    FirmwareFileName=""
    RuntimeFileName=""
    RuntimeAddonFolderName="" />
  <FullDownload>pdata.fwc</FullDownload>
  <FullDownload
    type="ADMINDATA">pdata.pwx</FullDownload>
  <FullDownload>pdata.tfz</FullDownload>
  <FullDownload>ProjectSettings.hsf</FullDownload>
  <License
    type="WCRT011600">WinCC RT Advanced (128)</License>
</DownloadTask>