<?xml version='1.0' encoding='UTF-8'?>
<system creation-date="2022-02-06 11:40:08.711000" desc="" enable="False" id="D4669F42-CC48-428E-9678-A50DC12205F9" last-modified-date="" name="Contr_OPC_DeF"><applications><application name="RobotWare" version="6.08.1040"><settings><system-xml path="C:\Users\IES Hermengildo Lanz\Documents\RobotStudio\Systems\Contr_OPC_DeF\system.xml" /><key-id path="C:\Users\IES Hermengildo Lanz\Documents\RobotStudio\Systems\Contr_OPC_DeF\INTERNAL\key.id" /><setting-file path="C:\Users\IES Hermengildo Lanz\Documents\RobotStudio\Systems\Contr_OPC_DeF\INTERNAL\controller.rsf" /></settings></application></applications></system>