<?xml version="1.0" encoding="utf-8"?>
<SystemProperties>
  <SystemName>Contr_OPC_DeF</SystemName>
  <SerialNo>VIRTUAL_USE</SerialNo>
  <UsedMedia>
    <Media path="C:\Users\IES Hermengildo Lanz\AppData\Local\ABB Industrial IT\Robotics IT\RobotWare\RobotWare_6.08.1040" name="RobotWare" version="6.08.1040">
    </Media>
  </UsedMedia>
  <ControlModule>
    <Option descr="RobotWare Base">
    </Option>
    <Option descr="English">
    </Option>
    <Option descr="709-1 DeviceNet Master/Slave">
    </Option>
    <Option descr="616-1 PC Interface">
    </Option>
    <Option descr="617-1 FlexPendant Interface">
    </Option>
    <Option descr="688-1 RobotStudio App Connect">
    </Option>
    <Option descr="614-1 FTP SFTP and NFS client">
    </Option>
  </ControlModule>
  <DriveModule>
    <Name>Robot1</Name>
    <Option descr="Drive System IRB 120/140/260/360/910SC/1200/1400/1520/1600/1660ID">
    </Option>
    <Option descr="ADU-790A in position X3">
    </Option>
    <Option descr="ADU-790A in position Y3">
    </Option>
    <Option descr="ADU-790A in position Z3">
    </Option>
    <Option descr="Axis Calibration">
    </Option>
    <Option descr="IRB 1600-6/1.2">
    </Option>
  </DriveModule>
</SystemProperties>